Category,Word,Mean_Valence,SD_Valence,Mean_Arousal,SD_Arousal,Mean_Familiarity,SD_Familiarity,Mean_Concreteness,SD_Concreteness,Frequency,Length,English,log_frequency,picked,PATH,blank_dur,category
object,Inyección,2.0526315789473686,1.2290925771886112,7.0,1.4886961463697743,5.0,1.8708286933869709,6.64,1.8230011885167088,6.96,9,Injection,1.9401794743463283,True,../stimuli_figure/Injection.jpeg,0.3398883566167853,Nonliving_Things
object,Flecha,3.763157894736842,1.9233165404935268,5.5,2.1529363983023595,4.64,2.51462389500564,6.08,2.1969676071045443,4.46,6,Arrow,1.4951487660319729,True,../stimuli_figure/Arrow.jpeg,0.3788736392849658,Nonliving_Things
animal,Oso,5.605263157894738,1.7939760112321024,5.2368421052631575,2.0721344332669602,4.72,2.685144316419509,7.64,1.468559384794046,11.43,3,Bear,2.4362414778067194,True,../stimuli_figure/Bear.jpeg,0.4893778749568593,Living_Things
animal,Babosa,2.131578947368421,1.3390406535939228,5.078947368421051,2.5296253215496805,3.44,2.2,6.76,1.920937271229854,0.36,6,Slug,-1.0216512475319814,True,../stimuli_figure/Slug.jpeg,0.4926109638741841,Living_Things
animal,Buitre,3.1842105263157894,1.2914534689987498,5.42105263157895,1.3483038182636138,3.48,2.1432063207571352,6.92,2.396525262402492,3.57,6,Vulture,1.2725655957915476,True,../stimuli_figure/Vulture.jpeg,0.3340730585737324,Living_Things
object,Brújula,5.105263157894737,1.5385053063037817,4.0,1.931250819994578,3.84,2.2300971578236966,7.84,1.106044001535802,2.5,7,Compass,0.9162907318741552,True,../stimuli_figure/Compass.jpeg,0.4770215125454299,Nonliving_Things
object,Cheque,6.2105263157894735,1.4361716139424865,5.684210526315789,1.7414697607061016,4.84,2.32163735324878,6.84,1.9510680835549183,4.11,6,Check,1.4134230285081433,True,../stimuli_figure/Check.jpeg,0.5666331038726847,Nonliving_Things
animal,Ciervo,6.526315789473684,1.2021791498743444,4.868421052631579,1.7269102643641998,3.24,2.259793500890439,7.32,1.9941581348194704,1.79,6,Deer,0.5822156198526637,True,../stimuli_figure/Deer.jpeg,0.356584433268876,Living_Things
animal,Cebra,5.7105263157894735,1.4502170338382827,5.026315789473684,1.731845478801922,4.16,2.718455443813637,7.52,2.2568414506414345,0.89,5,Zebra,-0.11653381625595152,True,../stimuli_figure/Zebra.jpeg,0.6780495164580831,Living_Things
object,Peluche,7.473684210526316,1.2244544754488242,4.1578947368421035,2.5204709533057583,4.8,2.4152294576982403,6.56,2.142428528562856,2.14,7,Teddy,0.7608058290337602,True,../stimuli_figure/Teddy.jpeg,0.5806393224773664,Nonliving_Things
animal,Asno,5.315789473684211,1.6942711604969272,4.526315789473684,1.5894388284780532,3.32,2.3043437243605824,6.88,1.943364779619789,3.93,4,Donkey,1.3686394258811698,True,../stimuli_figure/Donkey.jpeg,0.5845153283008753,Living_Things
object,Hamaca,7.0,1.506741607001768,3.3157894736842106,2.267338756243072,4.28,2.622339922028925,7.88,1.3940349110884338,2.5,6,Hammock,0.9162907318741552,True,../stimuli_figure/Hammock.jpeg,0.36650836555215016,Nonliving_Things
animal,Canario,6.052631578947367,1.6431243874063004,4.3421052631578965,2.030528033967596,3.96,2.207562758639793,6.44,2.0631690833925047,5.54,7,Canary,1.7119945007591924,True,../stimuli_figure/Canary.jpeg,0.3157727789471784,Living_Things
object,Ladrillo,4.2368421052631575,1.4965584036303192,3.3157894736842106,1.817412225590012,4.96,2.5735837529276826,6.6,1.9578900207451213,8.04,8,Brick,2.0844290831908747,True,../stimuli_figure/Brick.jpeg,0.6857961239735098,Nonliving_Things
animal,Chimpancé,6.2368421052631575,1.2177562558737995,5.894736842105262,1.448008393364701,4.28,2.574231276841043,7.88,1.8556220879622385,4.82,9,Chimpanzee,1.572773928062509,True,../stimuli_figure/Chimpanzee.jpeg,0.6612907827141231,Living_Things
object,Jeringa,2.0,1.2080808993852437,6.947368421052633,1.6594914300903707,3.56,2.3108440016582685,6.4,2.565800719723442,1.07,7,Syringe,0.06765864847381486,True,../stimuli_figure/Syringe.jpeg,0.4645065889559096,Nonliving_Things
animal,Ballena,6.378378378378378,1.3611953764441211,4.4324324324324325,1.965544037502941,4.88,2.260530911091463,7.96,1.3988090172238197,3.04,7,Whale,1.1118575154181305,True,../stimuli_figure/Whale.jpeg,0.4615016474232289,Living_Things
animal,Pingüino,7.0,1.506741607001768,4.947368421052632,2.2773546581452395,4.0,2.6770630673681683,7.04,2.051016008388688,1.96,8,Penguin,0.6729444732424258,True,../stimuli_figure/Penguin.jpeg,0.5994736886779646,Living_Things
animal,Gaviota,5.0,1.9864405216230223,5.026315789473684,1.924055993246912,4.36,2.325224003546038,7.92,1.5524174696260014,2.5,7,Seagull,0.9162907318741552,True,../stimuli_figure/Seagull.jpeg,0.6335324363714059,Living_Things
animal,Gorrión,5.7105263157894735,1.3931860188332874,4.368421052631579,1.894815866852117,3.32,2.478574859336174,7.56,2.103172207246315,0.89,7,Sparrow,-0.11653381625595152,True,../stimuli_figure/Sparrow.jpeg,0.6347452327198453,Living_Things
object,Trípode,4.578947368421051,1.2867637794801643,3.8157894736842106,2.179204704397911,3.64,2.5311394008759507,6.56,1.87260958735842,1.79,7,Tripod,0.5822156198526637,True,../stimuli_figure/Tripod.jpeg,0.5801747609983143,Nonliving_Things
object,Sombrilla,5.842105263157895,1.405131825872454,3.763157894736842,1.951218753252463,4.76,2.2412793965352322,7.88,1.0535653752852758,4.29,9,Umbrella,1.4562867329399256,True,../stimuli_figure/Umbrella.jpeg,0.5125546865424723,Nonliving_Things
animal,Camello,5.815789473684211,1.5041431637924283,4.868421052631579,1.9054835894898383,4.28,2.622339922028925,7.56,1.293573860795485,2.32,7,Camel,0.8415671856782185,True,../stimuli_figure/Camel.jpeg,0.6761707371938879,Living_Things
animal,Tigre,5.973684210526316,2.019992535512876,7.236842105263157,1.837068912864095,3.76,2.50466231922256,7.6,1.848422751068236,4.29,5,Tiger,1.4562867329399256,True,../stimuli_figure/Tiger.jpeg,0.3831961062787288,Living_Things
animal,Lobo,4.815789473684211,2.357910930141509,6.815789473684211,1.7375855126986566,4.4,2.4152294576982403,7.68,1.7729448195962938,15.18,4,Wolf,2.719978771967484,True,../stimuli_figure/Wolf.jpeg,0.33011582516855226,Living_Things
object,Látigo,3.0526315789473686,1.7850333999608572,5.815789473684211,1.72196090544652,3.32,2.3043437243605824,7.72,1.5143755588800725,4.46,6,Whip,1.4951487660319729,True,../stimuli_figure/Whip.jpeg,0.4297619487976969,Nonliving_Things
object,Mecedora,6.342105263157895,1.834744489015173,2.6578947368421053,1.6648401561041697,4.04,2.3537204591879637,6.52,2.2752289262108696,4.11,8,Rocking chair,1.4134230285081433,True,../stimuli_figure/Rocking chair.jpeg,0.6413376631006421,Nonliving_Things
object,Pegamento,4.394736842105264,1.4803117583297167,3.657894736842105,1.7441224199141598,4.76,2.3323807579381195,7.4,1.7559422921421233,1.61,9,Glue,0.4762341789963717,True,../stimuli_figure/Glue.jpeg,0.3799102739620031,Nonliving_Things
animal,Lince,6.894736842105262,1.3313166351136376,6.657894736842105,1.7285569014623643,3.6,2.179449471770337,6.76,2.1268129521265693,1.25,5,Lynx,0.22314355131420974,True,../stimuli_figure/Lynx.jpeg,0.4430948891756056,Living_Things
object,Desagüe,2.9473684210526314,1.4877403221002128,4.078947368421051,1.8362944318377408,3.88,2.333095225946282,7.36,1.380821011813865,1.07,7,Drain,0.06765864847381486,True,../stimuli_figure/Drain.jpeg,0.3688581622112192,Nonliving_Things
object,Lancha,6.157894736842105,1.6028069261998623,5.894736842105262,1.9142350625830131,3.2,1.914854215512676,7.12,2.0066555924389893,1.96,6,Boat,0.6729444732424258,True,../stimuli_figure/Boat.jpeg,0.5651627480017002,Nonliving_Things
animal,Canguro,6.13157894736842,1.069757553527243,4.947368421052632,1.99928863593695,4.44,2.6627053911388696,7.68,1.7253019059476715,0.36,7,Kangaroo,-1.0216512475319814,True,../stimuli_figure/Kangaroo.jpeg,0.5133845796091538,Living_Things
object,Puñal,1.921052631578948,1.440374931433131,6.894736842105262,1.7365618981693516,3.32,2.0760539492026693,7.52,1.5842979517754858,5.89,5,Dagger,1.7732559976634952,True,../stimuli_figure/Dagger.jpeg,0.6815956343170306,Nonliving_Things
object,Cometa,6.315789473684211,1.416223817207838,5.184210526315789,1.7375855126986577,4.88,2.471841418861654,7.24,1.8321208111548388,7.5,6,Kite,2.0149030205422647,True,../stimuli_figure/Kite.jpeg,0.6091721148344669,Nonliving_Things
animal,Mono,6.342105263157895,1.6485262179664901,5.684210526315789,2.041531793185916,4.24,2.241279396535232,6.28,1.6713268182295562,18.21,4,Monkey,2.9019708937395174,True,../stimuli_figure/Monkey.jpeg,0.493625090067789,Living_Things
object,Patinete,5.7105263157894735,1.7692248224184892,5.105263157894737,1.969901543488508,3.52,2.181742422927143,6.84,1.6753109164172073,0.18,8,Scooter,-1.7147984280919266,True,../stimuli_figure/Scooter.jpeg,0.3395414379077053,Nonliving_Things
