Category,Word,Mean_Valence,SD_Valence,Mean_Arousal,SD_Arousal,Mean_Familiarity,SD_Familiarity,Mean_Concreteness,SD_Concreteness,Frequency,Length,English,log_frequency,picked,PATH,blank_dur,category
animal,Ballena,6.378378378378378,1.3611953764441211,4.4324324324324325,1.965544037502941,4.88,2.260530911091463,7.96,1.3988090172238197,3.04,7,Whale,1.1118575154181305,True,../stimuli_figure/Whale.jpeg,0.4615016474232289,Living_Things
object,Jeringa,2.0,1.2080808993852437,6.947368421052633,1.6594914300903707,3.56,2.3108440016582685,6.4,2.565800719723442,1.07,7,Syringe,0.06765864847381486,True,../stimuli_figure/Syringe.jpeg,0.4645065889559096,Nonliving_Things
object,Brújula,5.105263157894737,1.5385053063037817,4.0,1.931250819994578,3.84,2.2300971578236966,7.84,1.106044001535802,2.5,7,Compass,0.9162907318741552,True,../stimuli_figure/Compass.jpeg,0.4770215125454299,Nonliving_Things
animal,Buitre,3.1842105263157894,1.2914534689987498,5.42105263157895,1.3483038182636138,3.48,2.1432063207571352,6.92,2.396525262402492,3.57,6,Vulture,1.2725655957915476,True,../stimuli_figure/Vulture.jpeg,0.3340730585737324,Living_Things
object,Hamaca,7.0,1.506741607001768,3.3157894736842106,2.267338756243072,4.28,2.622339922028925,7.88,1.3940349110884338,2.5,6,Hammock,0.9162907318741552,True,../stimuli_figure/Hammock.jpeg,0.36650836555215016,Nonliving_Things
object,Látigo,3.0526315789473686,1.7850333999608572,5.815789473684211,1.72196090544652,3.32,2.3043437243605824,7.72,1.5143755588800725,4.46,6,Whip,1.4951487660319729,True,../stimuli_figure/Whip.jpeg,0.4297619487976969,Nonliving_Things
object,Refinería,3.6216216216216215,1.9054213787586805,4.351351351351353,2.440585269245157,3.6,2.9580398915498085,6.96,2.3000000000000003,0.89,9,Refinery,-0.11653381625595152,True,../stimuli_figure/Refinery.jpeg,0.694426754065328,Nonliving_Things
object,Puñal,1.921052631578948,1.440374931433131,6.894736842105262,1.7365618981693516,3.32,2.0760539492026693,7.52,1.5842979517754858,5.89,5,Dagger,1.7732559976634952,True,../stimuli_figure/Dagger.jpeg,0.6815956343170306,Nonliving_Things
object,Flecha,3.763157894736842,1.9233165404935268,5.5,2.1529363983023595,4.64,2.51462389500564,6.08,2.1969676071045443,4.46,6,Arrow,1.4951487660319729,True,../stimuli_figure/Arrow.jpeg,0.3788736392849658,Nonliving_Things
animal,Mejillón,5.342105263157895,1.6648401561041688,3.5789473684210527,2.0747071294114563,4.36,2.3430749027719964,7.76,1.7146428199482242,3.21,8,Mussel,1.1662709371419244,True,../stimuli_figure/Mussel.jpeg,0.5098816911528989,Living_Things
animal,Mono,6.342105263157895,1.6485262179664901,5.684210526315789,2.041531793185916,4.24,2.241279396535232,6.28,1.6713268182295562,18.21,4,Monkey,2.9019708937395174,True,../stimuli_figure/Monkey.jpeg,0.493625090067789,Living_Things
object,Escudo,4.7368421052631575,1.4460423253929602,4.947368421052632,1.7698277274700398,3.8,2.309401076758503,6.291666666666668,2.6454089297870573,8.93,6,Shield,2.189416394888408,True,../stimuli_figure/Shield.jpeg,0.4490508469968241,Nonliving_Things
animal,Asno,5.315789473684211,1.6942711604969272,4.526315789473684,1.5894388284780532,3.32,2.3043437243605824,6.88,1.943364779619789,3.93,4,Donkey,1.3686394258811698,True,../stimuli_figure/Donkey.jpeg,0.5845153283008753,Living_Things
object,Peluche,7.473684210526316,1.2244544754488242,4.1578947368421035,2.5204709533057583,4.8,2.4152294576982403,6.56,2.142428528562856,2.14,7,Teddy,0.7608058290337602,True,../stimuli_figure/Teddy.jpeg,0.5806393224773664,Nonliving_Things
object,Arco,4.842105263157895,1.3259635107586647,4.052631578947368,1.7076515946484954,4.08,2.4650895859312425,6.2,2.2546248764114467,22.86,4,Arc,3.1293886583666644,True,../stimuli_figure/Arc.jpeg,0.4242043722587088,Nonliving_Things
animal,Orangután,5.5,1.955587974069263,5.973684210526316,1.9657450565400183,3.16,2.173323108360405,8.0,1.6329931618554518,1.07,9,Orangutan,0.06765864847381486,True,../stimuli_figure/Orangutan.jpeg,0.6722861990870898,Living_Things
object,Alambre,3.263157894736842,1.605467188488873,4.026315789473684,2.1496302900890374,3.64,2.0591260281974,7.4,1.3228756555322954,4.64,7,Wire,1.534714366238164,True,../stimuli_figure/Wire.jpeg,0.6209612541298068,Nonliving_Things
animal,Golondrina,6.315789473684211,1.3173532670307042,4.3421052631578965,1.8347444890151736,3.12,2.06801031589948,7.16,1.4047538337136969,2.32,10,Swallow,0.8415671856782185,True,../stimuli_figure/Swallow.jpeg,0.6907175139430841,Living_Things
animal,Águila,6.157894736842105,1.5513954623216122,6.0,1.6765472885698187,4.32,2.444722206441188,7.36,1.8,7.86,6,Eagle,2.0617866064411148,True,../stimuli_figure/Eagle.jpeg,0.40634409019617457,Living_Things
animal,Pingüino,7.0,1.506741607001768,4.947368421052632,2.2773546581452395,4.0,2.6770630673681683,7.04,2.051016008388688,1.96,8,Penguin,0.6729444732424258,True,../stimuli_figure/Penguin.jpeg,0.5994736886779646,Living_Things
animal,Perdiz,5.315789473684211,1.678243340888785,3.947368421052632,1.9023082482626867,4.68,2.5119713374160946,8.0,1.2909944487358056,1.07,6,Partridge,0.06765864847381486,True,../stimuli_figure/Partridge.jpeg,0.32305954124494823,Living_Things
object,Mecedora,6.342105263157895,1.834744489015173,2.6578947368421053,1.6648401561041697,4.04,2.3537204591879637,6.52,2.2752289262108696,4.11,8,Rocking chair,1.4134230285081433,True,../stimuli_figure/Rocking chair.jpeg,0.6413376631006421,Nonliving_Things
object,Sombrilla,5.842105263157895,1.405131825872454,3.763157894736842,1.951218753252463,4.76,2.2412793965352322,7.88,1.0535653752852758,4.29,9,Umbrella,1.4562867329399256,True,../stimuli_figure/Umbrella.jpeg,0.5125546865424723,Nonliving_Things
animal,Gaviota,5.0,1.9864405216230223,5.026315789473684,1.924055993246912,4.36,2.325224003546038,7.92,1.5524174696260014,2.5,7,Seagull,0.9162907318741552,True,../stimuli_figure/Seagull.jpeg,0.6335324363714059,Living_Things
animal,Liebre,5.605263157894738,1.2200902422142859,4.684210526315789,1.8759540010192832,4.16,2.2300971578236966,7.4,1.8929694486000912,5.0,6,Hare,1.6094379124341005,True,../stimuli_figure/Hare.jpeg,0.4650543216850973,Living_Things
object,Lancha,6.157894736842105,1.6028069261998623,5.894736842105262,1.9142350625830131,3.2,1.914854215512676,7.12,2.0066555924389893,1.96,6,Boat,0.6729444732424258,True,../stimuli_figure/Boat.jpeg,0.5651627480017002,Nonliving_Things
object,Bengala,4.657894736842105,1.75955024642699,6.13157894736842,1.5451939899481344,3.16,1.8636880997992489,7.08,1.5790292376436004,1.07,7,Bengal,0.06765864847381486,True,../stimuli_figure/Bengal.jpeg,0.4793428504331507,Nonliving_Things
object,Misil,1.5526315789473684,0.7240041966823505,6.7894736842105265,1.9885876386486108,3.6,2.3804761428476167,7.8,1.3228756555322954,5.0,5,Missile,1.6094379124341005,True,../stimuli_figure/Missile.jpeg,0.4136258849875571,Nonliving_Things
object,Pegamento,4.394736842105264,1.4803117583297167,3.657894736842105,1.7441224199141598,4.76,2.3323807579381195,7.4,1.7559422921421233,1.61,9,Glue,0.4762341789963717,True,../stimuli_figure/Glue.jpeg,0.3799102739620031,Nonliving_Things
object,Soplete,3.763157894736842,1.6180437057925559,4.842105263157895,2.0205206151355566,3.9166666666666665,2.7491764247666524,7.4,1.5275252316519468,2.5,7,Blowtorch,0.9162907318741552,True,../stimuli_figure/Blowtorch.jpeg,0.3265927378113443,Nonliving_Things
animal,Gorrión,5.7105263157894735,1.3931860188332874,4.368421052631579,1.894815866852117,3.32,2.478574859336174,7.56,2.103172207246315,0.89,7,Sparrow,-0.11653381625595152,True,../stimuli_figure/Sparrow.jpeg,0.6347452327198453,Living_Things
animal,Leopardo,6.078947368421053,1.9225768033352053,6.2894736842105265,1.844024604643876,3.48,1.9390719429665322,7.96,1.2741009902410934,0.54,8,Leopard,-0.6161861394238171,True,../stimuli_figure/Leopard.jpeg,0.6270903346928804,Living_Things
animal,Oso,5.605263157894738,1.7939760112321024,5.2368421052631575,2.0721344332669602,4.72,2.685144316419509,7.64,1.468559384794046,11.43,3,Bear,2.4362414778067194,True,../stimuli_figure/Bear.jpeg,0.4893778749568593,Living_Things
animal,Pato,6.2368421052631575,1.282611578336145,3.763157894736842,1.8950035374183023,4.76,2.6814175355583845,7.8,1.6329931618554518,4.82,4,Duck,1.572773928062509,True,../stimuli_figure/Duck.jpeg,0.496888170153366,Living_Things
animal,Almeja,4.921052631578949,1.6986732334124204,3.4210526315789487,1.7496189383941527,4.24,2.3853720883753127,6.72,2.6223399220289245,0.54,6,Clam,-0.6161861394238171,True,../stimuli_figure/Clam.jpeg,0.35022490885271323,Living_Things
animal,Cocodrilo,4.631578947368421,1.93713430908564,6.605263157894738,1.823858008997508,4.52,2.5839246635044657,7.88,1.4525839046333966,3.21,9,Crocodile,1.1662709371419244,True,../stimuli_figure/Crocodile.jpeg,0.6030256864678628,Living_Things
